{
    "64": [
        [
            44.93307839388145,
            56.022944550669216,
            60.56405353728489,
            70.36328871892925,
            78.48948374760994,
            81.69216061185469,
            89.48374760994264,
            92.63862332695984,
            94.69407265774379,
            94.07265774378585,
            94.93307839388146,
            98.4225621414914,
            98.61376673040154,
            98.7093690248566,
            99.09177820267686
        ],
        [
            34.0,
            51.6,
            56.0,
            62.93333333333333,
            64.0,
            72.4,
            76.53333333333333,
            78.4,
            82.53333333333333,
            80.93333333333334,
            80.8,
            84.4,
            85.2,
            84.93333333333334,
            84.0
        ]
    ],
    "128": [
        [
            46.41491395793499,
            52.53346080305927,
            63.38432122370937,
            77.19885277246654,
            84.27342256214149,
            87.1414913957935,
            88.81453154875717,
            95.5544933078394,
            96.89292543021033,
            96.51051625239006,
            98.51816443594646,
            98.80497131931166,
            99.09177820267686,
            97.08413001912047,
            98.56596558317399
        ],
        [
            36.93333333333333,
            50.8,
            60.0,
            72.26666666666667,
            77.86666666666666,
            77.73333333333333,
            81.73333333333333,
            85.86666666666666,
            84.53333333333333,
            83.33333333333333,
            84.93333333333334,
            86.13333333333334,
            87.46666666666667,
            85.33333333333333,
            86.66666666666667
        ]
    ],
    "256": [
        [
            42.54302103250478,
            44.50286806883365,
            67.87762906309752,
            80.83173996175908,
            85.61185468451242,
            89.72275334608031,
            91.1567877629063,
            96.5583173996176,
            95.65009560229446,
            96.8451242829828,
            94.78967495219885,
            98.56596558317399,
            98.90057361376672,
            98.27915869980879,
            94.55066921606118
        ],
        [
            39.86666666666667,
            44.93333333333333,
            61.733333333333334,
            71.06666666666666,
            75.2,
            79.86666666666666,
            80.8,
            83.6,
            83.2,
            84.8,
            82.66666666666667,
            85.86666666666666,
            86.26666666666667,
            86.0,
            81.86666666666666
        ]
    ]
}