{
    "2": [
        [
            46.892925430210326,
            53.250478011472275,
            62.1414913957935,
            71.03250478011472,
            74.18738049713193,
            78.58508604206502,
            71.89292543021033,
            86.7112810707457,
            86.23326959847036,
            89.38814531548758,
            94.31166347992352,
            96.70172084130019,
            96.41491395793498,
            97.4187380497132,
            97.89674952198853
        ],
        [
            48.0,
            50.8,
            57.733333333333334,
            62.266666666666666,
            65.73333333333333,
            71.06666666666666,
            65.86666666666666,
            74.26666666666667,
            75.2,
            76.4,
            82.26666666666667,
            84.93333333333334,
            83.6,
            84.13333333333334,
            84.26666666666667
        ]
    ],
    "4": [
        [
            43.78585086042065,
            53.250478011472275,
            59.799235181644356,
            64.0057361376673,
            68.64244741873804,
            81.83556405353728,
            86.61567877629064,
            92.30401529636711,
            90.1529636711281,
            92.30401529636711,
            96.79732313575526,
            97.131931166348,
            98.56596558317399,
            97.37093690248565,
            98.90057361376672
        ],
        [
            42.93333333333333,
            48.666666666666664,
            52.666666666666664,
            56.13333333333333,
            58.53333333333333,
            68.26666666666667,
            71.6,
            78.53333333333333,
            78.4,
            78.4,
            82.4,
            81.86666666666666,
            83.6,
            84.0,
            84.4
        ]
    ],
    "8": [
        [
            39.961759082217974,
            46.22370936902486,
            63.67112810707457,
            73.8527724665392,
            80.83173996175908,
            81.40535372848949,
            78.77629063097514,
            85.8508604206501,
            87.04588910133843,
            93.21223709369025,
            94.64627151051626,
            97.03632887189292,
            99.282982791587,
            98.51816443594646,
            98.8527724665392
        ],
        [
            39.06666666666667,
            43.333333333333336,
            58.13333333333333,
            68.4,
            72.13333333333334,
            73.86666666666666,
            73.33333333333333,
            77.86666666666666,
            74.26666666666667,
            79.6,
            81.33333333333333,
            85.2,
            86.53333333333333,
            86.13333333333334,
            86.66666666666667
        ]
    ]
}