{
    "64": [
        [
            42.01720841300191,
            40.63097514340344,
            55.879541108986615,
            66.06118546845124,
            72.131931166348,
            70.5544933078394,
            79.78011472275334,
            89.81835564053537,
            90.82217973231357,
            92.73422562141491,
            95.21988527724666,
            93.78585086042065,
            90.34416826003824,
            95.65009560229446,
            94.74187380497132
        ],
        [
            38.0,
            43.46666666666667,
            50.666666666666664,
            59.06666666666667,
            65.86666666666666,
            66.13333333333334,
            69.6,
            80.26666666666667,
            80.13333333333334,
            82.8,
            83.33333333333333,
            82.93333333333334,
            80.66666666666667,
            83.46666666666667,
            82.8
        ]
    ],
    "128": [
        [
            46.41491395793499,
            53.154875717017205,
            64.8661567877629,
            69.02485659655832,
            74.52198852772466,
            80.49713193116635,
            76.09942638623328,
            87.7151051625239,
            89.53154875717017,
            93.45124282982792,
            90.5831739961759,
            96.65391969407266,
            94.74187380497132,
            97.32313575525812,
            97.27533460803059
        ],
        [
            39.06666666666667,
            46.8,
            58.666666666666664,
            61.733333333333334,
            66.93333333333334,
            73.06666666666666,
            70.53333333333333,
            77.86666666666666,
            80.13333333333334,
            81.33333333333333,
            81.46666666666667,
            84.66666666666667,
            84.8,
            86.0,
            86.13333333333334
        ]
    ],
    "256": [
        [
            45.124282982791584,
            55.68833652007648,
            58.41300191204589,
            69.40726577437859,
            75.0,
            73.27915869980879,
            82.83938814531548,
            88.81453154875717,
            91.20458891013385,
            93.11663479923519,
            91.96940726577438,
            91.87380497131932,
            97.131931166348,
            98.27915869980879,
            98.37476099426387
        ],
        [
            39.86666666666667,
            51.2,
            55.733333333333334,
            62.8,
            62.93333333333333,
            67.2,
            74.0,
            74.13333333333334,
            78.26666666666667,
            80.93333333333334,
            79.6,
            78.13333333333334,
            82.0,
            82.66666666666667,
            84.53333333333333
        ]
    ]
}