{
    "3": [
        [
            40.152963671128106,
            52.96367112810707,
            68.97705544933078,
            78.72848948374761,
            84.03441682600382,
            89.8661567877629,
            92.11281070745697,
            90.77437858508604,
            95.21988527724666,
            98.04015296367113,
            97.17973231357553,
            97.32313575525812,
            94.88527724665391,
            97.7055449330784,
            97.7055449330784
        ],
        [
            41.46666666666667,
            49.86666666666667,
            63.06666666666667,
            69.86666666666666,
            74.53333333333333,
            78.66666666666667,
            80.8,
            78.4,
            82.8,
            85.73333333333333,
            83.46666666666667,
            84.0,
            82.93333333333334,
            85.46666666666667,
            84.13333333333334
        ]
    ],
    "4": [
        [
            44.74187380497132,
            52.91586998087954,
            68.49904397705545,
            78.10707456978967,
            87.76290630975143,
            92.35181644359464,
            89.72275334608031,
            93.59464627151051,
            96.74952198852772,
            97.56214149139579,
            99.23518164435947,
            98.47036328871893,
            99.66539196940727,
            98.51816443594646,
            99.33078393881453
        ],
        [
            42.666666666666664,
            53.333333333333336,
            59.2,
            69.86666666666666,
            77.6,
            80.66666666666667,
            80.8,
            83.6,
            85.33333333333333,
            85.33333333333333,
            88.4,
            85.86666666666666,
            86.4,
            85.73333333333333,
            87.06666666666666
        ]
    ],
    "5": [
        [
            40.105162523900574,
            54.82791586998088,
            69.16826003824092,
            76.76864244741874,
            84.17782026768643,
            90.34416826003824,
            91.73040152963671,
            94.88527724665391,
            91.58699808795411,
            94.59847036328871,
            97.37093690248565,
            97.08413001912047,
            98.23135755258126,
            99.37858508604207,
            99.52198852772466
        ],
        [
            42.93333333333333,
            51.46666666666667,
            58.13333333333333,
            66.93333333333334,
            72.8,
            81.2,
            82.0,
            82.26666666666667,
            78.66666666666667,
            82.53333333333333,
            84.53333333333333,
            84.4,
            85.86666666666666,
            86.13333333333334,
            86.4
        ]
    ]
}