{
    "3": [
        [
            44.072657743785854,
            49.139579349904395,
            57.79158699808795,
            68.21223709369025,
            75.09560229445506,
            80.92734225621415,
            85.65965583173997,
            90.20076481835564,
            91.92160611854685,
            90.77437858508604,
            90.43977055449331,
            96.65391969407266,
            97.08413001912047,
            97.848948374761,
            96.27151051625239
        ],
        [
            40.0,
            50.666666666666664,
            55.86666666666667,
            62.13333333333333,
            65.6,
            72.66666666666667,
            72.93333333333334,
            77.73333333333333,
            79.46666666666667,
            80.13333333333334,
            78.66666666666667,
            83.46666666666667,
            84.26666666666667,
            82.8,
            81.86666666666666
        ]
    ],
    "4": [
        [
            42.06500956022945,
            54.92351816443595,
            60.94646271510516,
            67.82982791586998,
            77.151051625239,
            79.82791586998088,
            82.36137667304016,
            81.83556405353728,
            93.35564053537284,
            92.92543021032505,
            93.92925430210325,
            96.5583173996176,
            98.47036328871893,
            97.848948374761,
            95.07648183556405
        ],
        [
            37.86666666666667,
            50.93333333333333,
            55.2,
            59.46666666666667,
            68.8,
            69.46666666666667,
            72.8,
            72.93333333333334,
            80.4,
            79.46666666666667,
            80.8,
            83.2,
            84.0,
            84.26666666666667,
            82.13333333333334
        ]
    ],
    "5": [
        [
            47.08413001912046,
            49.04397705544933,
            61.4244741873805,
            66.96940726577438,
            75.0,
            74.04397705544933,
            85.1338432122371,
            84.79923518164436,
            90.10516252390057,
            92.25621414913958,
            95.60229445506693,
            96.70172084130019,
            91.63479923518165,
            98.23135755258126,
            98.94837476099427
        ],
        [
            36.0,
            39.86666666666667,
            55.06666666666667,
            63.6,
            68.53333333333333,
            67.73333333333333,
            78.53333333333333,
            76.8,
            80.93333333333334,
            81.73333333333333,
            83.2,
            85.06666666666666,
            81.2,
            85.86666666666666,
            86.66666666666667
        ]
    ]
}