{
    "2": [
        [
            49.09177820267686,
            60.133843212237096,
            66.82600382409179,
            72.08413001912047,
            85.65965583173997,
            83.22179732313576,
            91.63479923518165,
            96.27151051625239,
            95.41108986615679,
            98.56596558317399,
            97.131931166348,
            97.65774378585085,
            98.04015296367113,
            98.04015296367113,
            97.56214149139579
        ],
        [
            43.86666666666667,
            52.8,
            60.93333333333333,
            66.4,
            72.66666666666667,
            71.46666666666667,
            79.86666666666666,
            83.46666666666667,
            83.06666666666666,
            85.86666666666666,
            84.93333333333334,
            84.53333333333333,
            84.13333333333334,
            83.6,
            83.33333333333333
        ]
    ],
    "4": [
        [
            29.063097514340345,
            55.49713193116635,
            64.38814531548758,
            73.4225621414914,
            82.31357552581262,
            89.05353728489484,
            94.21606118546845,
            96.12810707456978,
            98.1357552581262,
            98.56596558317399,
            98.75717017208413,
            98.51816443594646,
            99.04397705544933,
            99.4263862332696,
            99.4263862332696
        ],
        [
            35.333333333333336,
            51.06666666666667,
            58.4,
            63.333333333333336,
            72.53333333333333,
            76.0,
            80.66666666666667,
            84.0,
            84.66666666666667,
            84.4,
            85.2,
            85.06666666666666,
            85.06666666666666,
            86.26666666666667,
            86.13333333333334
        ]
    ],
    "8": [
        [
            50.33460803059273,
            57.07456978967495,
            75.5736137667304,
            80.78393881453155,
            86.4244741873805,
            89.96175908221797,
            93.45124282982792,
            97.848948374761,
            97.94455066921606,
            98.80497131931166,
            96.70172084130019,
            98.90057361376672,
            98.61376673040154,
            98.56596558317399,
            98.9961759082218
        ],
        [
            43.333333333333336,
            51.46666666666667,
            66.0,
            68.26666666666667,
            76.66666666666667,
            79.2,
            82.8,
            86.0,
            85.33333333333333,
            86.4,
            84.66666666666667,
            86.13333333333334,
            85.86666666666666,
            85.33333333333333,
            85.2
        ]
    ]
}