{
    "train": [
        41.87380497131931,
        58.69980879541109,
        61.95028680688336,
        72.89674952198853,
        83.12619502868068,
        82.98279158699809,
        92.25621414913958,
        92.87762906309752,
        95.07648183556405,
        96.94072657743786,
        97.848948374761,
        98.23135755258126,
        98.18355640535373,
        97.37093690248565,
        99.4263862332696
    ],
    "val": [
        34.266666666666666,
        55.46666666666667,
        58.0,
        66.53333333333333,
        74.53333333333333,
        75.46666666666667,
        81.73333333333333,
        81.73333333333333,
        82.8,
        84.8,
        86.0,
        85.6,
        86.13333333333334,
        85.73333333333333,
        86.93333333333334
    ]
}